time_sec,gps_x,gps_y,battery_pct,left_enc,right_enc,distance_m,behaviour,sonar_0,sonar_1,sonar_2,cam_score,clean_phase,wp_index
0.0,0.00,-92233720368547760.00,99.9,0.0000,0.0000,0.000,CLEAN,1.000,1.000,1.000,0.000,WAITING_GPS,0
0.0,0.00,-92233720368547760.00,99.9,0.0000,0.0000,0.000,CLEAN,1.000,1.000,1.000,0.000,WAITING_GPS,0
1.0,0.00,-92233720368547760.00,99.8,0.0000,0.0000,0.000,CLEAN,0.600,0.500,0.400,0.530,WAITING_GPS,0
3.0,1.80,-0.78,99.6,0.3100,-0.1100,0.721,CLEAN,0.800,1.000,1.000,0.297,DRIVE_LANE,3
5.0,1.76,-0.74,99.3,1.5000,-0.8000,1.419,CLEAN,1.000,1.000,1.000,0.341,DRIVE_LANE,3
7.0,1.58,-0.63,99.0,1.8800,-0.3500,2.171,CLEAN,1.000,1.000,1.000,0.447,DRIVE_LANE,3
9.0,1.28,-0.67,98.7,2.5800,0.9600,3.130,CLEAN,1.000,1.000,0.900,0.373,DRIVE_LANE,3
12.0,0.89,-0.65,98.4,4.1200,2.6400,4.162,CLEAN,1.000,1.000,0.500,0.406,DRIVE_LANE,3
15.0,0.39,-0.66,98.0,5.8000,3.9900,5.271,AVOID,1.000,1.000,0.100,0.198,DRIVE_LANE,3
17.0,0.46,-0.72,97.7,5.8200,3.2600,5.629,AVOID,0.200,0.200,1.000,0.428,DRIVE_LANE,3
19.0,0.45,-0.71,97.5,5.8100,3.3100,6.025,AVOID,1.000,0.200,0.200,0.431,DRIVE_LANE,3
21.0,0.47,-0.73,97.1,5.9000,3.2400,6.512,AVOID,0.200,0.200,0.200,0.458,DRIVE_LANE,3
23.0,0.48,-0.70,96.9,5.9000,3.1800,6.969,AVOID,0.200,0.200,1.000,0.423,DRIVE_LANE,3
25.0,0.43,-0.50,96.5,7.2500,4.0300,7.694,CLEAN,1.000,1.000,1.000,0.273,DRIVE_LANE,3
28.0,0.33,-0.37,96.2,6.7400,5.1600,8.429,AVOID,0.100,0.200,1.000,0.430,DRIVE_LANE,3
31.0,0.38,-0.39,95.8,6.7000,5.1500,8.826,AVOID,0.200,0.100,0.200,0.331,DRIVE_LANE,3
33.0,0.39,-0.41,95.5,6.8000,5.3000,9.423,AVOID,1.000,0.100,0.100,0.323,DRIVE_LANE,3
36.0,0.37,-0.44,95.1,6.6700,5.0300,9.831,AVOID,0.200,0.100,0.200,0.359,DRIVE_LANE,3
38.0,0.32,-0.35,94.8,7.7300,5.1900,10.583,CLEAN,1.000,1.000,1.000,0.406,DRIVE_LANE,3
41.0,0.14,-0.26,94.5,7.3800,5.6900,11.231,AVOID,0.200,0.100,0.300,0.355,DRIVE_LANE,3
43.0,0.14,-0.25,94.2,7.4700,7.1000,12.198,AVOID,1.000,0.200,0.200,0.332,DRIVE_LANE,3
46.0,-0.34,-0.14,93.8,5.9400,7.9800,13.205,CLEAN,1.000,1.000,1.000,0.352,DRIVE_LANE,3
48.0,-0.68,-0.23,93.5,5.4400,6.8000,14.072,CLEAN,0.500,0.500,0.500,0.396,DRIVE_LANE,3
50.0,-0.67,-0.22,93.2,6.0800,6.2500,14.908,CLEAN,1.000,1.000,1.000,0.329,ADVANCE_LANE,4
52.0,-0.67,-0.22,93.1,4.8000,7.3400,15.677,CLEAN,1.000,0.500,0.500,0.298,ADVANCE_LANE,4
53.0,-0.60,-0.33,92.8,5.0100,6.1400,16.405,CLEAN,1.000,1.000,1.000,0.320,DRIVE_LANE,4
56.0,-0.60,-0.33,92.5,6.8800,4.2700,17.602,CLEAN,1.000,1.000,1.000,0.442,DRIVE_LANE,4
58.0,-0.70,-0.33,92.2,5.8700,6.1000,18.643,CLEAN,1.000,1.000,1.000,0.303,DRIVE_LANE,4
61.0,-0.69,-0.43,91.9,5.3500,7.4200,19.364,CLEAN,1.000,1.000,0.400,0.343,DRIVE_LANE,4
63.0,-0.35,-0.38,91.5,7.2100,9.2600,20.290,CLEAN,1.000,1.000,1.000,0.397,DRIVE_LANE,4
66.0,0.00,-0.36,91.1,8.7500,10.6300,21.499,CLEAN,1.000,1.000,0.200,0.403,DRIVE_LANE,4
68.0,0.09,-0.35,90.9,9.7100,11.0100,22.111,AVOID,1.000,0.100,1.000,0.367,DRIVE_LANE,4
70.0,0.06,-0.36,90.6,10.2400,10.5900,22.506,AVOID,1.000,1.000,1.000,0.394,DRIVE_LANE,4
72.0,-0.02,-0.36,90.3,10.4800,11.0500,22.937,AVOID,1.000,1.000,1.000,0.397,DRIVE_LANE,4
75.0,-0.21,-0.20,90.0,10.1500,10.0000,23.720,CLEAN,1.000,1.000,0.700,0.361,DRIVE_LANE,4
78.0,-0.31,0.00,89.6,10.8400,9.4300,24.129,CLEAN,1.000,1.000,1.000,0.338,DRIVE_LANE,4
80.0,-0.64,-0.08,89.3,10.8200,9.1800,24.420,CLEAN,1.000,1.000,1.000,0.338,DRIVE_LANE,4
82.0,-0.64,-0.08,88.9,11.4800,8.5200,24.842,CLEAN,0.900,0.900,0.900,0.349,DRIVE_LANE,5
85.0,-0.64,-0.08,88.6,12.0100,7.9900,25.181,CLEAN,0.900,0.900,0.900,0.355,DRIVE_LANE,5
87.0,-0.64,-0.08,88.3,10.9300,9.0700,25.872,CLEAN,0.600,0.600,1.000,0.282,DRIVE_LANE,5
90.0,-0.59,-0.18,88.0,11.7300,9.1500,26.706,CLEAN,0.500,1.000,1.000,0.410,DRIVE_LANE,5
93.0,-0.76,-0.27,87.6,12.6500,9.1400,27.703,CLEAN,1.000,1.000,1.000,0.349,DRIVE_LANE,5
95.0,-1.69,-0.25,87.2,11.5400,8.0300,28.414,CLEAN,0.700,0.500,0.400,0.265,DRIVE_LANE,5
98.0,-2.09,-0.22,86.9,10.9400,9.0800,29.136,AVOID,0.100,0.100,0.200,0.333,ADVANCE_LANE,6
100.0,-2.11,-0.25,86.6,11.3100,10.2400,30.079,AVOID,0.200,0.100,0.100,0.000,ADVANCE_LANE,6
103.0,-2.05,-0.05,86.3,11.2200,9.8700,31.005,AVOID,0.100,0.200,0.300,0.349,ADVANCE_LANE,6
105.0,-2.10,-0.06,85.9,11.0300,9.8800,32.084,AVOID,0.100,0.100,0.100,0.000,ADVANCE_LANE,6
108.0,-2.09,0.02,85.5,10.2100,10.3700,32.939,AVOID,0.100,0.100,0.100,0.000,ADVANCE_LANE,6
111.0,-1.92,0.30,85.1,9.2900,11.6700,34.251,CLEAN,0.300,0.500,1.000,0.382,DRIVE_LANE,6
114.0,-1.84,0.17,84.8,7.0100,12.5700,35.563,CLEAN,1.000,1.000,1.000,0.272,DRIVE_LANE,6
116.0,-1.98,0.09,84.4,5.2100,12.6100,36.688,AVOID,0.200,0.200,0.200,0.282,DRIVE_LANE,6
119.0,-2.09,0.12,84.0,5.3000,13.0700,37.683,AVOID,0.100,0.100,0.100,0.292,DRIVE_LANE,6
122.0,-2.10,0.06,83.7,5.6700,14.6700,38.496,AVOID,0.100,0.100,0.300,0.308,DRIVE_LANE,6
124.0,-2.06,0.10,83.4,5.6100,15.1900,39.466,AVOID,0.100,0.200,0.400,0.288,DRIVE_LANE,6
126.0,-2.09,0.12,83.1,6.3800,16.0000,40.111,AVOID,0.100,0.100,0.100,0.000,DRIVE_LANE,6
129.0,-1.86,0.23,82.8,5.7200,16.4900,40.972,AVOID,0.800,1.000,0.100,0.392,DRIVE_LANE,6
131.0,-2.18,0.14,82.5,5.3300,15.6900,41.691,AVOID,0.300,0.100,0.100,0.000,DRIVE_LANE,6
134.0,-2.09,0.09,82.1,5.7100,15.1800,42.315,AVOID,0.200,0.100,0.100,0.000,DRIVE_LANE,6
136.0,-1.75,0.39,81.8,5.8500,14.3900,43.080,CLEAN,1.000,1.000,0.700,0.250,DRIVE_LANE,6
139.0,-1.76,0.39,81.4,5.1800,15.0600,43.508,CLEAN,0.700,1.000,1.000,0.331,DRIVE_LANE,6
142.0,-1.76,0.39,81.0,4.5400,15.7000,43.918,CLEAN,1.000,0.700,0.500,0.308,DRIVE_LANE,6
145.0,-1.95,0.37,80.6,4.6700,15.6700,44.662,AVOID,0.800,0.300,0.200,0.463,DRIVE_LANE,6
186.0,0.00,0.00,75.1,5.0000,17.0000,45.486,CLEAN,1.000,1.000,1.000,0.000,ADVANCE_LANE,7
231.0,0.00,0.00,69.1,5.0000,17.0000,45.486,CLEAN,1.000,1.000,1.000,0.000,ADVANCE_LANE,7
251.0,0.00,0.00,66.4,5.0000,17.0000,45.486,CLEAN,1.000,1.000,1.000,0.000,ADVANCE_LANE,7
291.0,0.00,0.00,61.7,5.0000,17.0000,45.486,CLEAN,1.000,1.000,1.000,0.000,ADVANCE_LANE,7
312.0,0.00,0.00,58.4,5.0000,17.0000,45.486,CLEAN,1.000,1.000,1.000,0.000,ADVANCE_LANE,7
342.0,0.00,0.00,55.1,5.0000,17.0000,45.486,CLEAN,1.000,1.000,1.000,0.000,ADVANCE_LANE,7
372.0,0.00,0.00,50.4,5.0000,17.0000,45.486,CLEAN,1.000,1.000,1.000,0.000,ADVANCE_LANE,7
372.0,0.00,0.00,50.3,5.0000,17.0000,45.486,CLEAN,1.000,1.000,1.000,0.000,ADVANCE_LANE,7
393.0,0.00,0.00,47.6,5.0000,17.0000,45.486,CLEAN,1.000,1.000,1.000,0.000,ADVANCE_LANE,7
438.0,0.00,0.00,41.6,5.0000,17.0000,45.486,CLEAN,1.000,1.000,1.000,0.000,ADVANCE_LANE,7
478.0,0.00,0.00,36.2,5.0000,17.0000,45.486,WANDER,1.000,1.000,1.000,0.000,WAITING_GPS,7
478.0,0.00,0.00,36.2,5.0000,17.0000,45.486,WANDER,1.000,1.000,1.000,0.000,WAITING_GPS,7
493.0,0.00,0.00,34.2,5.0000,17.0000,45.486,WANDER,1.000,1.000,1.000,0.000,WAITING_GPS,7
513.0,0.00,0.00,31.5,5.0000,17.0000,45.486,WANDER,1.000,1.000,1.000,0.000,WAITING_GPS,7
543.0,0.00,0.00,27.5,5.0000,17.0000,45.486,WANDER,1.000,1.000,1.000,0.000,WAITING_GPS,7
543.0,0.00,0.00,27.5,5.0000,17.0000,45.486,WANDER,1.000,1.000,1.000,0.000,WAITING_GPS,7
563.0,0.00,0.00,24.8,5.0000,17.0000,45.486,WANDER,1.000,1.000,1.000,0.000,WAITING_GPS,7
563.0,0.00,0.00,24.8,5.0000,17.0000,45.486,WANDER,1.000,1.000,1.000,0.000,WAITING_GPS,7
588.0,0.00,0.00,21.5,5.0000,17.0000,45.486,WANDER,1.000,1.000,1.000,0.000,WAITING_GPS,7
627.0,0.00,0.00,16.4,5.0000,17.0000,45.486,TRACK,1.000,1.000,1.000,0.000,WAITING_GPS,7
678.0,0.00,0.00,9.6,5.0000,17.0000,45.486,TRACK,1.000,1.000,1.000,0.000,WAITING_GPS,7
681.0,0.00,0.00,9.1,5.0000,17.0000,45.486,TRACK,1.000,1.000,1.000,0.000,WAITING_GPS,7
684.0,0.00,0.00,8.8,5.0000,17.0000,45.486,TRACK,1.000,1.000,1.000,0.000,WAITING_GPS,7
687.0,0.00,0.00,8.3,5.0000,17.0000,45.486,TRACK,1.000,1.000,1.000,0.000,WAITING_GPS,7
696.0,0.00,0.00,7.2,5.0000,17.0000,45.486,TRACK,1.000,1.000,1.000,0.000,WAITING_GPS,7
699.0,0.00,0.00,6.7,5.0000,17.0000,45.486,TRACK,1.000,1.000,1.000,0.000,WAITING_GPS,7
701.0,0.00,0.00,6.5,5.0000,17.0000,45.486,TRACK,1.000,1.000,1.000,0.000,WAITING_GPS,7
702.0,0.00,0.00,6.3,5.0000,17.0000,45.486,TRACK,1.000,1.000,1.000,0.000,WAITING_GPS,7
708.0,0.00,0.00,5.6,5.0000,17.0000,45.486,TRACK,1.000,1.000,1.000,0.000,WAITING_GPS,7
721.0,0.00,0.00,3.8,5.0000,17.0000,45.486,TRACK,1.000,1.000,1.000,0.000,WAITING_GPS,7
735.0,0.00,0.00,1.9,5.0000,17.0000,45.486,TRACK,1.000,1.000,1.000,0.000,WAITING_GPS,7
744.0,0.00,0.00,0.8,5.0000,17.0000,45.486,TRACK,1.000,1.000,1.000,0.000,WAITING_GPS,7
